trial_id,baseline_min_distance,social_min_distance,delta_min_distance,baseline_p5_distance,social_p5_distance,delta_p5_distance,baseline_mean_distance,social_mean_distance,delta_mean_distance,baseline_path_length,social_path_length,delta_path_length,baseline_mean_cmd_vel,social_mean_cmd_vel,delta_mean_cmd_vel,baseline_duration,social_duration,delta_duration
01,1.5813375206905214,1.446858097669726,-0.1344794230207953,1.7800087186798301,1.684302612296938,-0.09570610638289212,3.5225424997376424,3.409253551874526,-0.11328894786311627,8.126428361805033,7.884004376080407,-0.24242398572462598,0.24522526613563606,0.2758864943762341,0.030661228240598026,32.562,28.063000000000002,-4.498999999999995
02,1.2129227535873062,1.2178807628465513,0.004958009259245166,1.4368790493740908,1.425592768506239,-0.011286280867851772,3.0824431008664983,2.97427953863961,-0.10816356222688839,8.312717828014044,8.880027766925183,0.5673099389111389,0.2683235130185524,0.2194944197109227,-0.04882909330762969,30.245000000000005,39.885999999999996,9.640999999999991
03,1.304676611429564,0.8594123734892257,-0.4452642379403383,1.547315943990508,1.5337723740842815,-0.013543569906226516,3.386467486708821,3.5452137073849186,0.15874622067609767,8.131619637126079,8.198580740806461,0.06696110368038255,0.22001507328447698,0.24175397459165146,0.021738901307174485,36.43899999999999,33.29899999999999,-3.1400000000000006
04,1.2592006891507168,1.2505596164452921,-0.00864107270542469,1.5681773891271564,1.5404197869385916,-0.027757602188564823,3.554508103551314,3.6144983776847135,0.059990274133399524,8.380420023864605,8.299128557391345,-0.08129146647326024,0.22391902330452995,0.24636109074915696,0.022442067444627012,37.06,33.039,-4.021000000000001
05,1.5647715190049947,1.440625993815395,-0.12414552518959976,1.7473615948373231,1.6324186254664095,-0.11494296937091364,3.4256087158407205,3.298201064569937,-0.12740765127078335,7.911912258113167,7.897875773038699,-0.01403648507446853,0.27134370782726036,0.2734765658106619,0.002132857983401515,28.461,28.408999999999992,-0.05200000000000671
06,1.3482461908199228,1.2696377785808033,-0.07860841223911952,1.4316973278547704,1.476921414548175,0.04522408669340461,3.09990787980781,3.144948902665116,0.04504102285730571,8.437872528730168,8.132467747546256,-0.30540478118391157,0.24985908791450104,0.2408856247266365,-0.008973463187864544,33.02600000000001,33.248000000000005,0.2219999999999942
07,1.3246498857034565,1.3627053898042338,0.03805550410077729,1.423713824766591,1.5427313901073474,0.11901756534075636,3.2101402627751443,3.1809664696055653,-0.02917379316957902,8.585419583243333,8.679087535566905,0.09366795232357283,0.2440728314810931,0.24766081871345025,0.0035879872323571482,34.60400000000001,34.480000000000004,-0.12400000000000944
08,1.236838227696434,1.2768815800703328,0.04004335237389878,1.520855995818824,1.523581265880934,0.0027252700621100967,3.5971803188624794,3.445313488029117,-0.15186683083336217,8.373351795366837,8.117349330399911,-0.2560024649669259,0.24131863442389753,0.25625376494333174,0.014935130519434209,34.010000000000005,31.069000000000003,-2.9410000000000025
09,1.2434692619512622,1.458316017409964,0.2148467554587019,1.395441376119999,1.5708537765743218,0.17541240045432271,3.07815136996443,3.265483239160966,0.187331869196536,8.866839694722247,8.752949698115748,-0.11388999660649901,0.2515796509991556,0.25738880396010766,0.00580915296095208,34.766999999999996,33.331,-1.4359999999999928
10,1.4289065101589113,1.3974426702949436,-0.031463839863967724,1.6176227088688861,1.5990402955203102,-0.01858241334857591,3.388428125258161,3.4552165260270837,0.06678840076892278,8.152268470160363,8.312485994342833,0.16021752418246926,0.24980063795853263,0.2558248914616497,0.006024253503117083,32.003,31.757000000000005,-0.2459999999999951
