name,mode,trial_id,outcome,valid,missing_topics,exclusion_reason,human_samples,min_distance,p5_distance,mean_distance,path_length,mean_cmd_vel,duration
baseline_01,baseline,01,succeeded,True,,,287,1.5813375206905214,1.7800087186798301,3.5225424997376424,8.126428361805033,0.24522526613563606,32.562
baseline_02,baseline,02,succeeded,True,,,251,1.2129227535873062,1.4368790493740908,3.0824431008664983,8.312717828014044,0.2683235130185524,30.245000000000005
baseline_03,baseline,03,succeeded,True,,,319,1.304676611429564,1.547315943990508,3.386467486708821,8.131619637126079,0.22001507328447698,36.43899999999999
baseline_04,baseline,04,succeeded,True,,,314,1.2592006891507168,1.5681773891271564,3.554508103551314,8.380420023864605,0.22391902330452995,37.06
baseline_05,baseline,05,succeeded,True,,,265,1.5647715190049947,1.7473615948373231,3.4256087158407205,7.911912258113167,0.27134370782726036,28.461
baseline_06,baseline,06,succeeded,True,,,300,1.3482461908199228,1.4316973278547704,3.09990787980781,8.437872528730168,0.24985908791450104,33.02600000000001
baseline_07,baseline,07,succeeded,True,,,314,1.3246498857034565,1.423713824766591,3.2101402627751443,8.585419583243333,0.2440728314810931,34.60400000000001
baseline_08,baseline,08,succeeded,True,,,296,1.236838227696434,1.520855995818824,3.5971803188624794,8.373351795366837,0.24131863442389753,34.010000000000005
baseline_09,baseline,09,succeeded,True,,,344,1.2434692619512622,1.395441376119999,3.07815136996443,8.866839694722247,0.2515796509991556,34.766999999999996
baseline_10,baseline,10,succeeded,True,,,257,1.4289065101589113,1.6176227088688861,3.388428125258161,8.152268470160363,0.24980063795853263,32.003
social_01,social,01,succeeded,True,,,288,1.446858097669726,1.684302612296938,3.409253551874526,7.884004376080407,0.2758864943762341,28.063000000000002
social_02,social,02,succeeded,True,,,271,1.2178807628465513,1.425592768506239,2.97427953863961,8.880027766925183,0.2194944197109227,39.885999999999996
social_03,social,03,succeeded,True,,,308,0.8594123734892257,1.5337723740842815,3.5452137073849186,8.198580740806461,0.24175397459165146,33.29899999999999
social_04,social,04,succeeded,True,,,304,1.2505596164452921,1.5404197869385916,3.6144983776847135,8.299128557391345,0.24636109074915696,33.039
social_05,social,05,succeeded,True,,,253,1.440625993815395,1.6324186254664095,3.298201064569937,7.897875773038699,0.2734765658106619,28.408999999999992
social_06,social,06,succeeded,True,,,229,1.2696377785808033,1.476921414548175,3.144948902665116,8.132467747546256,0.2408856247266365,33.248000000000005
social_07,social,07,succeeded,True,,,338,1.3627053898042338,1.5427313901073474,3.1809664696055653,8.679087535566905,0.24766081871345025,34.480000000000004
social_08,social,08,succeeded,True,,,324,1.2768815800703328,1.523581265880934,3.445313488029117,8.117349330399911,0.25625376494333174,31.069000000000003
social_09,social,09,succeeded,True,,,320,1.458316017409964,1.5708537765743218,3.265483239160966,8.752949698115748,0.25738880396010766,33.331
social_10,social,10,succeeded,True,,,241,1.3974426702949436,1.5990402955203102,3.4552165260270837,8.312485994342833,0.2558248914616497,31.757000000000005
