bag,topic,messages,approx_hz
baseline_01,/cmd_vel,707,18.559840390135726
baseline_01,/human_camera/camera_info,578,15.173391436348584
baseline_01,/human_camera/depth/image_raw,577,15.147139894071165
baseline_01,/human_camera/image_raw,577,15.147139894071165
baseline_01,/human_detections,577,15.147139894071165
baseline_01,/local_plan,343,9.004279001154956
baseline_01,/odom,1905,50.00918803848452
baseline_01,/plan,34,0.8925524374322696
baseline_01,/tf,3047,79.98844931929781
baseline_01,/tf_static,1,0.026251542277419694
baseline_01,/tracked_humans,578,15.173391436348584
baseline_01,/tracked_humans_3d,578,15.173391436348584
baseline_01,/tracked_humans_map,575,15.094636809516325
baseline_02,/cmd_vel,661,18.664934771032218
baseline_02,/human_camera/camera_info,537,15.163494662699396
baseline_02,/human_camera/depth/image_raw,537,15.163494662699396
baseline_02,/human_camera/image_raw,537,15.163494662699396
baseline_02,/human_detections,537,15.163494662699396
baseline_02,/local_plan,320,9.035974473116958
baseline_02,/odom,1771,50.00847122465667
baseline_02,/plan,32,0.9035974473116959
baseline_02,/tf,2834,80.02484892754207
baseline_02,/tf_static,1,0.028237420228490497
baseline_02,/tracked_humans,537,15.163494662699396
baseline_02,/tracked_humans_3d,537,15.163494662699396
baseline_02,/tracked_humans_map,537,15.163494662699396
baseline_03,/cmd_vel,790,18.747033696754933
baseline_03,/human_camera/camera_info,638,15.14000949180968
baseline_03,/human_camera/depth/image_raw,637,15.116279069408725
baseline_03,/human_camera/image_raw,638,15.14000949180968
baseline_03,/human_detections,618,14.665401043790569
baseline_03,/local_plan,385,9.13621262436791
baseline_03,/odom,2095,49.715234930002005
baseline_03,/plan,38,0.9017560512363132
baseline_03,/tf,3354,79.59183673280512
baseline_03,/tf_static,1,0.02373042240095561
baseline_03,/tracked_humans,619,14.689131466191524
baseline_03,/tracked_humans_3d,619,14.689131466191524
baseline_03,/tracked_humans_map,619,14.689131466191524
baseline_04,/cmd_vel,804,18.709857581245696
baseline_04,/human_camera/camera_info,651,15.149399608695209
baseline_04,/human_camera/depth/image_raw,651,15.149399608695209
baseline_04,/human_camera/image_raw,651,15.149399608695209
baseline_04,/human_detections,645,15.009773805850092
baseline_04,/local_plan,391,9.098948152073467
baseline_04,/odom,2149,50.00930838569279
baseline_04,/plan,39,0.9075677184932613
baseline_04,/tf,3437,79.98231406311126
baseline_04,/tf_static,1,0.023270967140852857
baseline_04,/tracked_humans,649,15.102857674413503
baseline_04,/tracked_humans_3d,649,15.102857674413503
baseline_04,/tracked_humans_map,646,15.033044772990944
baseline_05,/cmd_vel,624,18.421208005596586
baseline_05,/human_camera/camera_info,513,15.14435850460104
baseline_05,/human_camera/depth/image_raw,513,15.14435850460104
baseline_05,/human_camera/image_raw,513,15.14435850460104
baseline_05,/human_detections,513,15.14435850460104
baseline_05,/local_plan,301,8.885871169366302
baseline_05,/odom,1694,50.008856348526635
baseline_05,/plan,30,0.8856350002690667
baseline_05,/tf,2710,80.00236169097236
baseline_05,/tf_static,1,0.029521166675635556
baseline_05,/tracked_humans,514,15.173879671276676
baseline_05,/tracked_humans_3d,514,15.173879671276676
baseline_05,/tracked_humans_map,514,15.173879671276676
baseline_06,/cmd_vel,719,17.169329225656817
baseline_06,/human_camera/camera_info,635,15.163454879404838
baseline_06,/human_camera/depth/image_raw,635,15.163454879404838
baseline_06,/human_camera/image_raw,635,15.163454879404838
baseline_06,/human_detections,631,15.067937053392841
baseline_06,/local_plan,349,8.333930319546912
baseline_06,/odom,2088,49.860305178263474
baseline_06,/plan,35,0.8357809776049911
baseline_06,/tf,3315,79.16039830744415
baseline_06,/tf_static,1,0.023879456502999746
baseline_06,/tracked_humans,632,15.09181650989584
baseline_06,/tracked_humans_3d,632,15.09181650989584
baseline_06,/tracked_humans_map,632,15.09181650989584
baseline_07,/cmd_vel,753,17.688928562623296
baseline_07,/human_camera/camera_info,645,15.151871079537884
baseline_07,/human_camera/depth/image_raw,646,15.175362352529415
baseline_07,/human_camera/image_raw,646,15.175362352529415
baseline_07,/human_detections,604,14.188728886885087
baseline_07,/local_plan,366,8.597805914900567
baseline_07,/odom,2129,50.01292019897078
baseline_07,/plan,36,0.8456858276951377
baseline_07,/tf,3383,79.47097653035141
baseline_07,/tf_static,1,0.0234912729915316
baseline_07,/tracked_humans,605,14.212220159876619
baseline_07,/tracked_humans_3d,605,14.212220159876619
baseline_07,/tracked_humans_map,605,14.212220159876619
baseline_08,/cmd_vel,740,19.010918432395354
baseline_08,/human_camera/camera_info,590,15.157353885288186
baseline_08,/human_camera/depth/image_raw,590,15.157353885288186
baseline_08,/human_camera/image_raw,590,15.157353885288186
baseline_08,/human_detections,590,15.157353885288186
baseline_08,/local_plan,359,9.22286448274315
baseline_08,/odom,1947,50.01926782145102
baseline_08,/plan,35,0.899165060991672
baseline_08,/tf,3115,80.02569042825881
baseline_08,/tf_static,1,0.025690430314047774
baseline_08,/tracked_humans,591,15.183044315602233
baseline_08,/tracked_humans_3d,591,15.183044315602233
baseline_08,/tracked_humans_map,591,15.183044315602233
baseline_09,/cmd_vel,748,18.560794044204446
baseline_09,/human_camera/camera_info,611,15.161290322204435
baseline_09,/human_camera/depth/image_raw,610,15.136476426423412
baseline_09,/human_camera/image_raw,610,15.136476426423412
baseline_09,/human_detections,607,15.062034739080346
baseline_09,/local_plan,363,9.00744416851098
baseline_09,/odom,2016,50.02481389454032
baseline_09,/plan,35,0.8684863523357695
baseline_09,/tf,3193,79.23076922880321
baseline_09,/tf_static,1,0.024813895781021986
baseline_09,/tracked_humans,608,15.086848634861369
baseline_09,/tracked_humans_3d,609,15.11166253064239
baseline_09,/tracked_humans_map,609,15.11166253064239
baseline_10,/cmd_vel,693,18.131868131393723
baseline_10,/human_camera/camera_info,574,15.018315017922074
baseline_10,/human_camera/depth/image_raw,573,14.99215070604416
baseline_10,/human_camera/image_raw,573,14.99215070604416
baseline_10,/human_detections,576,15.070643641677899
baseline_10,/local_plan,336,8.791208790978775
baseline_10,/odom,1907,49.89534275118013
baseline_10,/plan,33,0.8634222919711296
baseline_10,/tf,3054,79.90580847514636
baseline_10,/tf_static,1,0.02616431187791302
baseline_10,/tracked_humans,576,15.070643641677899
baseline_10,/tracked_humans_3d,562,14.704343275387117
baseline_10,/tracked_humans_map,571,14.939822082288334
social_01,/cmd_vel,613,18.81002792295529
social_01,/human_camera/camera_info,492,15.097118659207181
social_01,/human_camera/depth/image_raw,493,15.127803859734026
social_01,/human_camera/image_raw,494,15.15848906026087
social_01,/human_detections,494,15.15848906026087
social_01,/local_plan,296,9.082819355945784
social_01,/odom,1630,50.0168768587555
social_01,/plan,29,0.8898708152784721
social_01,/tf,2608,80.0270029740088
social_01,/tf_static,1,0.030685200526843866
social_01,/tracked_humans,495,15.189174260787713
social_01,/tracked_humans_3d,495,15.189174260787713
social_01,/tracked_humans_map,495,15.189174260787713
social_02,/cmd_vel,863,19.008391885222608
social_02,/human_camera/camera_info,687,15.131825289858554
social_02,/human_camera/depth/image_raw,687,15.131825289858554
social_02,/human_camera/image_raw,688,15.153851236423122
social_02,/human_detections,688,15.153851236423122
social_02,/local_plan,421,9.272923503683336
social_02,/odom,2271,50.02092464813504
social_02,/plan,41,0.9030638091473081
social_02,/tf,3634,80.0422898156419
social_02,/tf_static,1,0.02202594656456849
social_02,/tracked_humans,689,15.17587718298769
social_02,/tracked_humans_3d,690,15.197903129552259
social_02,/tracked_humans_map,690,15.197903129552259
social_03,/cmd_vel,725,18.067635257605414
social_03,/human_camera/camera_info,606,15.102050987736385
social_03,/human_camera/depth/image_raw,607,15.126971863953774
social_03,/human_camera/image_raw,607,15.126971863953774
social_03,/human_detections,607,15.126971863953774
social_03,/local_plan,352,8.772148428520145
social_03,/odom,2003,49.91651506342571
social_03,/plan,35,0.8722306676085372
social_03,/tf,3211,80.02093353402894
social_03,/tf_static,1,0.024920876217386777
social_03,/tracked_humans,609,15.176813616388547
social_03,/tracked_humans_3d,609,15.176813616388547
social_03,/tracked_humans_map,609,15.176813616388547
social_04,/cmd_vel,718,18.734507501141955
social_04,/human_camera/camera_info,581,15.159817351202614
social_04,/human_camera/depth/image_raw,581,15.159817351202614
social_04,/human_camera/image_raw,581,15.159817351202614
social_04,/human_detections,581,15.159817351202614
social_04,/local_plan,349,9.106327462254239
social_04,/odom,1917,50.01956947031913
social_04,/plan,34,0.8871493802769171
social_04,/tf,3065,79.97390736908092
social_04,/tf_static,1,0.026092628831674035
social_04,/tracked_humans,582,15.185909980034289
social_04,/tracked_humans_3d,582,15.185909980034289
social_04,/tracked_humans_map,582,15.185909980034289
social_05,/cmd_vel,621,18.258261789419667
social_05,/human_camera/camera_info,514,15.11231330074349
social_05,/human_camera/depth/image_raw,514,15.11231330074349
social_05,/human_camera/image_raw,516,15.171116076232765
social_05,/human_detections,515,15.141714688488129
social_05,/local_plan,300,8.820416323391143
social_05,/odom,1694,49.80595083941532
social_05,/plan,30,0.8820416323391143
social_05,/tf,2715,79.82476772668984
social_05,/tf_static,1,0.02940138774463714
social_05,/tracked_humans,502,14.759496647807845
social_05,/tracked_humans_3d,502,14.759496647807845
social_05,/tracked_humans_map,517,15.200517463977402
social_06,/cmd_vel,722,18.738645211037145
social_06,/human_camera/camera_info,584,15.15702050311038
social_06,/human_camera/depth/image_raw,584,15.15702050311038
social_06,/human_camera/image_raw,584,15.15702050311038
social_06,/human_detections,582,15.105112898647672
social_06,/local_plan,351,9.10978458320504
social_06,/odom,1926,49.98702309758663
social_06,/plan,35,0.9083830780973686
social_06,/tf,3081,79.96366467479979
social_06,/tf_static,1,0.02595380223135339
social_06,/tracked_humans,585,15.182974305341732
social_06,/tracked_humans_3d,583,15.131066700879026
social_06,/tracked_humans_map,583,15.131066700879026
social_07,/cmd_vel,747,17.184265009956654
social_07,/human_camera/camera_info,658,15.136876006093008
social_07,/human_camera/depth/image_raw,657,15.11387163526308
social_07,/human_camera/image_raw,657,15.11387163526308
social_07,/human_detections,659,15.159880376922937
social_07,/local_plan,363,8.350586611264076
social_07,/odom,2174,50.01150218426474
social_07,/plan,36,0.8281573498774291
social_07,/tf,3479,80.03220611732155
social_07,/tf_static,1,0.023004370829928584
social_07,/tracked_humans,646,14.860823556133866
social_07,/tracked_humans_3d,660,15.182884747752865
social_07,/tracked_humans_map,660,15.182884747752865
social_08,/cmd_vel,678,18.863724889575877
social_08,/human_camera/camera_info,545,15.163318679673825
social_08,/human_camera/depth/image_raw,545,15.163318679673825
social_08,/human_camera/image_raw,545,15.163318679673825
social_08,/human_detections,541,15.052028267345944
social_08,/local_plan,328,9.125813810886266
social_08,/odom,1798,50.025040341382635
social_08,/plan,32,0.8903232986230503
social_08,/tf,2875,79.98998386066468
social_08,/tf_static,1,0.02782260308197032
social_08,/tracked_humans,542,15.079850870427915
social_08,/tracked_humans_3d,542,15.079850870427915
social_08,/tracked_humans_map,540,15.024205664263974
social_09,/cmd_vel,723,18.51425059490117
social_09,/human_camera/camera_info,592,15.159663004400405
social_09,/human_camera/depth/image_raw,593,15.18527054325919
social_09,/human_camera/image_raw,592,15.159663004400405
social_09,/human_detections,591,15.134055465541621
social_09,/local_plan,351,8.988246139433349
social_09,/odom,1943,49.75544800261822
social_09,/plan,35,0.8962638600574564
social_09,/tf,3113,79.71626846739605
social_09,/tf_static,1,0.02560753885878447
social_09,/tracked_humans,591,15.134055465541621
social_09,/tracked_humans_3d,591,15.134055465541621
social_09,/tracked_humans_map,591,15.134055465541621
social_10,/cmd_vel,691,18.853510135634675
social_10,/human_camera/camera_info,555,15.142833755828141
social_10,/human_camera/depth/image_raw,555,15.142833755828141
social_10,/human_camera/image_raw,555,15.142833755828141
social_10,/human_detections,556,15.170118140973777
social_10,/local_plan,335,9.140269023788157
social_10,/odom,1833,50.01227797195132
social_10,/plan,33,0.9003847098059975
social_10,/tf,2932,79.9978172470056
social_10,/tf_static,1,0.02728438514563629
social_10,/tracked_humans,557,15.197402526119413
social_10,/tracked_humans_3d,557,15.197402526119413
social_10,/tracked_humans_map,557,15.197402526119413
